{
"Changes": [
{ 	"Action": "EditData",
	"Target":"Data/Events/FishMuseum",
"Entries": {
	"57870001/f Jacob 500/Hn AquariumDonated:Blobfish": "submarine_song/29 33/Eloise 26 34 3 Jacob 25 34 1 farmer 20 36 0/skippable/pause 500/speak Eloise \"I don't wanna go in there. You know I don't like blobfish!$2\"/pause 500/speak Jacob \"I'm not going to make you, Ellie. But you might be pleasantly surprised.$3\"/pause 500/emote Eloise 12/move farmer 5 0 0/speak Jacob \"Oh, here's @!\"/faceDirection Jacob 2 true/faceDirection Eloise 2 true/speak Jacob \"I hear you've played a big role in helping bring this place to life.\"/pause 500/emote farmer 32/pause 500/speak Jacob \"Henry, the Curator, asked me to stop by and check on the latest arrival.#$b#But I have to confess, fish are not my specialty.$2\"/pause 500/emote Jacob 28/speak Jacob \"I thought Eloise would be more ... enthusiastic.$2\"/pause 500/speak Eloise \"I read up heaps on the blobfish, and it turns out they're not actually really blobby at all, farmer @.#$b#Only they live under super high pressure and when you pull them out, their bodies decompress and they kind of explode.$3#$b#It's gross and makes me sad.$2\"/emote Jacob 40/pause 500/speak Jacob \"You can stay here if you like, Ellie, but I've got to go and do my job, okay?\"/pause 500/textAboveHead Eloise \"Okay...\"/pause 500/move Jacob 0 -2 1/move Jacob 10 0 0 true/pause 500/speak Eloise \"Did you catch the blobfish, farmer @?$2\"/pause 500/emote farmer 60/pause 500/speak Eloise \"Well, I think that was very mean of you.$2\"/faceDirection Eloise 0/pause 500/move Eloise 0 -2 1/move Eloise 8 0 0/move Jacob 0 -2 0/jump Eloise 5/emote Eloise 16/move Eloise 0 -2 0/move farmer 0 -4 1/move farmer 7 0 1/faceDirection farmer 0/speak Eloise \"But... he's not blobby at all!\"/faceDirection Jacob 3 true/faceDirection Eloise 1 true/speak Jacob \"The tank's pressured, Ellie. It keeps the environment similar to how it would be for them, in the wild.\"/pause 500/faceDirection Eloise 0/textAboveHead Eloise \"That's so cool!\"/pause 2000/move farmer 3 0 0/emote Jacob 32/pause 500/faceDirection Jacob 2/speak Jacob \"It's a fine speciman, @.\"/pause 500/emote farmer 32/pause 500/speak Eloise \"He's still kinda ugly though!$1\"/pause 1000/end"
}
		}
	]
}