{
"Changes":[
{  "LogName": "EggFest Dialogue",
		"Action": "EditData",
		"Target": "data/festivals/spring13",
		"Entries": {
		  "Eloise": "Did you know a hen lays around 530 eggs in her lifetime!",
		  "Jacob": "Hello @. Eloise loves birds, but she's never been particularly interested in the egg hunt. Probably because Abigail always wins."
			}
	  },
	{  "LogName": "Luau Dialogue",
		"Action": "EditData",
		"Target": "data/festivals/summer11",
		"Entries": {
		  "Eloise": "Dancing's so silly! I hope we haven't scared all the birds away.",
		  "Jacob": "Hello @. Just grabbing a little space to myself."
		  }
	  },
{  "LogName": "Luau Dialogue",
		"Action": "EditData",
		"Target": "data/festivals/summer11",
		"Entries": {
		    "Jacob": "Hello @. Just hanging out here with my good buddy Coppernicus."
			  },
		"When": {	"HasMod": "LemurKat.Mr.Ginger.NPC"	}
	  	},
	
{  "LogName": "Jellyfish Dialogue",
		"Action": "EditData",
		"Target": "data/festivals/summer28",
		"Entries": {
			"Eloise": "The jellyfish are so cool! Did you know that jellyfish don't have a brain? And they don't have a heart either!#$b#Also, they're not fish. They're actually Medusozoa.",
			"Jacob": "Hello @! I hope Ellie hasn't chatted your ears off with jellyfish facts. There's a part of me that loves the mystery that surrounds them."
			}
		},
{  "LogName": "Jellyfish Dialogue",
"Action": "EditData",
"Target": "data/festivals/summer28",
"Entries": {
	"Eloise": "Miss Juliet's hat is so silly! Jellyfish don't have eyes!"
	},
	"When": {	"HasMod": "LemurKat.Juliet.NPC"	}
},
{  "LogName": "Fair Dialogue",
"Action": "EditData",
"Target": "data/festivals/fall16",
"Entries": {
	"Eloise": "Do you know why these chickens are so tame, farmer @?#$b#It's cos when birds hatch, they think the first thing they see is their mom. It's called 'imprinting'.$3#$b#So Marnie's their mother chicken!$1",
	"Jacob": "These chickens look very healthy. Compliments to Ms. Marnie and Shane for raising them well.#$b#They're nicely socialized too."
	
	}
},

{  "LogName": "Spirit's Dialogue",
	"Action": "EditData",
	"Target": "data/festivals/fall27",
	"Entries": {
		"Eloise": "Oh, why can't we go in the maze! We'll look after each other. Puh-lease Dad.$5",
		"Jacob": "I know, I look ridiculous. Eloise is extremely persuasive.$5",
		"Marnie": "Dr Jacob won't believe me when I tell him he's looking very smart in that outfit."
		
		}
	},

	{  "LogName": "Spirit's Dialogue",
		"Action": "EditData",
		"Target": "data/festivals/spring24",
		"Entries": {
			"Eloise": "Hi farmer @! You should ask my Dad to dance.#$b#He never dances with anyone but me. I think he misses Mom too much.$2",
			"Jacob": "Ask someone to dance? Oh, I couldn't possibly!$4"			
			
			}
		},


{

	"LogName": "Eloise Sprites", 
	"Action": "EditImage",
	"Target": "Characters/Eloise, Portraits/Eloise",
	"FromFile": "assets/{{Target}}/Eloise.png",
	"When":
		{"LocationName":"Temp","DayEvent": "luau, egg festival"}
},

{
	"LogName": "Festival Sprites",
	"Action": "EditImage",	"Target": "Characters/Jacob",
	"FromFile": "assets/{{Target}}/Jacob_magician.png",
	"FromArea": { "X": 0, "Y": 0, "Width": 16, "Height": 128 }, 
	"ToArea": { "X": 0, "Y": 0, "Width": 16, "Height": 128 },
		"When":		{"LocationName":"Temp","DayEvent": "spirit's eve"}
	},
	{	"LogName": "Festival Sprites",	"Action": "EditImage",
		"Target": "Characters/Eloise",
		"FromFile": "assets/{{Target}}/Eloise_bird.png",
		"FromArea": { "X": 0, "Y": 0, "Width": 16, "Height": 128 }, 
		"ToArea": { "X": 0, "Y": 0, "Width": 16, "Height": 128 },
			"When":	{"LocationName":"Temp",	"DayEvent": "spirit's eve"	}
		},
	{  "LogName": "Ice Festival Dialogue",
		"Action": "EditData",
		"Target": "data/festivals/winter8",
		"Entries": {
		"Eloise": "Are you gonna enter the competition, farmer @? I don't like fishing. Fish have feelings too you know!$2",
		"Jacob": "Hello @. We're here for the company and the snowmen, not the competition.#$b#I'm sorry, but catch and release fishing feels somewhat barbaric to me."
		
		}
	},
	{  "LogName": "Ice Festival Dialogue",
		"Action": "EditData",
		"Target": "data/festivals/winter25",
		"Entries": {
		"Eloise": "Happy Winter Star! What do you think's in this one? It's REALLY big. And heavy!#$b#Hey, I found this and thought you might like it.[444 392 394]",
		"Jacob": "Hello @. Happy Winter Star. Jodi has been gracious enough to invite me to join her family.#$b#Now if only I could drag Ellie away from the presents!"
		
		}
	}
	]
}